Block_Hash,Prev_Block_Hash,Time,Number_of_Blocks_Generated
ed80,9af15b336e6a9619928537df30b2e6a2376569fcf9d7e773eccede65606529a0,0
96f9,ed80,37000000000000
3c32,96f9,44000000000000
5cc3,3c32,50000000000000
1a48,5cc3,57000000000000
e1e6,1a48,64000000000000
db83,e1e6,70000000000000
5ae4,db83,77000000000000
c92e,5ae4,84000000000000
09b5,c92e,90000000000000
22e4,09b5,97000000000000
1abd,22e4,104000000000000
56f3,1abd,110000000000000
6022,56f3,117000000000000
1a1a,6022,124000000000000
00cf,1a1a,130000000000000
acaf,00cf,137000000000000
ac98,acaf,144000000000000
f359,ac98,150000000000000
561b,f359,157000000000000
9b51,561b,164000000000000
599d,9b51,170000000000000
4b0d,599d,177000000000000
94a5,4b0d,184000000000000
c171,94a5,190000000000000
f30c,c171,197000000000000
18a3,f30c,204000000000000
2052,18a3,210000000000000
5475,2052,217000000000000
b54e,5475,224000000000000
569e,b54e,230000000000000
c46e,569e,237000000000000
05af,c46e,244000000000000
bab0,05af,250000000000000
d489,bab0,257000000000000
ccf7,d489,264000000000000
4b03,ccf7,270000000000000
9745,4b03,277000000000000
1cc7,9745,284000000000000
00e7,1cc7,290000000000000
14da,00e7,297000000000000
1051,14da,304000000000000
685a,1051,310000000000000
ffcf,685a,317000000000000
82a5,ffcf,324000000000000
25fc,82a5,330000000000000
0651,25fc,337000000000000
b178,0651,344000000000000
4877,b178,350000000000000
0e4b,4877,357000000000000
89a9,0e4b,364000000000000
9e07,89a9,370000000000000
5604,9e07,377000000000000
1c9f,5604,384000000000000
63e4,1c9f,390000000000000
f214,63e4,397000000000000
cb39,f214,404000000000000
0fd5,cb39,410000000000000
d271,0fd5,417000000000000
7c51,d271,424000000000000
3211,7c51,430000000000000
e83e,3211,437000000000000
a804,e83e,444000000000000
803d,a804,450000000000000
3c97,803d,455000000000000
db0c,3c97,462000000000000
1f50,db0c,467000000000000
7d70,1f50,474000000000000
0d27,1f50,474000000000000
c446,0d27,480000000000000
b8ba,0d27,480000000000000
4562,b8ba,485000000000000
c2c0,4562,491000000000000
d371,c2c0,496000000000000
8fb8,d371,503000000000000
c55d,8fb8,508000000000000
e5bc,c55d,515000000000000
8ef0,c55d,515000000000000
ccd0,8ef0,521000000000000
dc5d,8ef0,521000000000000
be07,ccd0,526000000000000
181d,be07,532000000000000
95e8,181d,537000000000000
e21a,95e8,544000000000000
5ad6,e21a,549000000000000
c28d,5ad6,556000000000000
fbdb,5ad6,556000000000000
6089,c28d,562000000000000
4ee6,c28d,562000000000000
2dac,4ee6,567000000000000
99d0,2dac,573000000000000
d62b,99d0,578000000000000
1707,d62b,585000000000000
caf9,1707,590000000000000
9d5e,caf9,597000000000000
a894,caf9,597000000000000
3c01,9d5e,603000000000000
47e7,9d5e,603000000000000
91e3,3c01,608000000000000
29c9,91e3,614000000000000
0b56,29c9,619000000000000
165a,0b56,626000000000000
5e64,165a,631000000000000
2d16,5e64,638000000000000
2a44,5e64,638000000000000
5d82,2a44,644000000000000
350f,2a44,644000000000000
e810,350f,649000000000000
b7a0,e810,655000000000000
ba39,b7a0,660000000000000
cbae,ba39,667000000000000
0202,cbae,672000000000000
4a6b,0202,679000000000000
2da1,0202,679000000000000
765a,2da1,685000000000000
65ca,2da1,685000000000000
d582,65ca,690000000000000
9219,d582,696000000000000
6330,9219,701000000000000
cf73,6330,708000000000000
9764,cf73,713000000000000
b5da,9764,720000000000000
7924,9764,720000000000000
8451,7924,726000000000000
0305,7924,726000000000000
179f,0305,731000000000000
3887,179f,737000000000000
cf23,3887,742000000000000
8742,cf23,749000000000000
7352,8742,754000000000000
b2cd,7352,761000000000000
b45a,7352,761000000000000
912c,b2cd,767000000000000
37ab,b2cd,767000000000000
d2fb,37ab,772000000000000
a04e,d2fb,778000000000000
6e03,a04e,783000000000000
6cd7,6e03,790000000000000
5289,6cd7,795000000000000
157e,5289,802000000000000
5948,5289,802000000000000
057f,157e,808000000000000
edb3,157e,808000000000000
f6c7,057f,813000000000000
3ba2,f6c7,819000000000000
242e,3ba2,824000000000000
df8f,242e,831000000000000
c93b,df8f,836000000000000
6b25,c93b,843000000000000
8953,c93b,843000000000000
e0e1,6b25,849000000000000
92bd,6b25,849000000000000
e4d5,92bd,854000000000000
8741,e4d5,860000000000000
0d95,8741,865000000000000
26b8,0d95,872000000000000
ac8a,26b8,877000000000000
e614,ac8a,884000000000000
1381,ac8a,884000000000000
50b6,1381,890000000000000
b41f,1381,890000000000000
9b38,50b6,895000000000000
0b8d,9b38,901000000000000
d075,0b8d,906000000000000
607a,d075,913000000000000
a460,607a,918000000000000
fa89,a460,925000000000000
7975,a460,925000000000000
7dcd,7975,931000000000000
7002,7975,931000000000000
5f5b,7002,936000000000000
b5cb,5f5b,942000000000000
406a,b5cb,947000000000000
b32b,406a,954000000000000
4bb0,b32b,959000000000000
ca70,4bb0,966000000000000
42e6,4bb0,966000000000000
7a67,42e6,972000000000000
44e7,42e6,972000000000000
a8b5,44e7,977000000000000
d70e,a8b5,983000000000000
3cca,d70e,988000000000000
0cab,3cca,995000000000000
1acb,0cab,1000000000000000
